CustomerID,Total_Spent,Churn_Risk_Score,Risk_Level,Customer_Segment,Recommended_Action
50006,835.14,0.9983835217942633,High,At Risk,Personalized offer + priority support
50015,784.76,0.9985284725538309,High,At Risk,Personalized offer + priority support
50021,1132.04,0.9984080133018587,High,At Risk,Personalized offer + priority support
50022,3046.8,0.998365501686342,High,At Risk,Personalized offer + priority support
50030,569.9399999999999,0.9987570949533474,High,At Risk,Personalized offer + priority support
50043,1359.33,0.9963203500053864,High,Loyal Customers,Personalized offer + priority support
50054,3067.95,0.9982904844755702,High,At Risk,Personalized offer + priority support
50086,1836.0,0.9981710150280239,High,At Risk,Personalized offer + priority support
50087,923.7,0.9978917258321979,High,At Risk,Personalized offer + priority support
50094,2263.8,0.9984688978097078,High,At Risk,Personalized offer + priority support
50096,477.41999999999996,0.9987917484674361,High,At Risk,Personalized offer + priority support
50099,1030.4499999999998,0.9984334975125321,High,At Risk,Personalized offer + priority support
50119,532.76,0.9987872115927879,High,At Risk,Personalized offer + priority support
50123,797.8499999999999,0.9985397084005222,High,At Risk,Personalized offer + priority support
50137,1067.43,0.9984331141554256,High,At Risk,Personalized offer + priority support
50142,1090.74,0.9981628836877343,High,At Risk,Personalized offer + priority support
50145,1321.0,0.9977115012573785,High,At Risk,Personalized offer + priority support
50153,1092.3500000000001,0.9984796550142586,High,At Risk,Personalized offer + priority support
50157,1639.77,0.9984724281694958,High,At Risk,Personalized offer + priority support
50167,1013.9499999999999,0.9984402294249164,High,At Risk,Personalized offer + priority support
50169,1107.96,0.9973684325025244,High,Loyal Customers,Personalized offer + priority support
50173,1081.1999999999998,0.9985096719015697,High,At Risk,Personalized offer + priority support
50179,1185.03,0.9981671966906219,High,At Risk,Personalized offer + priority support
50180,588.39,0.9987964115781147,High,At Risk,Personalized offer + priority support
50182,619.36,0.9984850291166593,High,At Risk,Personalized offer + priority support
50187,1368.8999999999999,0.9982527085381729,High,At Risk,Personalized offer + priority support
50193,1045.87,0.9981006503132877,High,At Risk,Personalized offer + priority support
50195,1675.08,0.9982739850755257,High,At Risk,Personalized offer + priority support
50201,1515.44,0.9982928651564533,High,At Risk,Personalized offer + priority support
50210,1232.73,0.9980577710748989,High,At Risk,Personalized offer + priority support
50218,685.72,0.9984144893175454,High,At Risk,Personalized offer + priority support
50229,958.44,0.9984741011333759,High,At Risk,Personalized offer + priority support
50231,1070.72,0.998158184481103,High,At Risk,Personalized offer + priority support
50242,1354.8500000000001,0.9981534516604528,High,At Risk,Personalized offer + priority support
50274,1444.9,0.9974830518016384,High,At Risk,Personalized offer + priority support
50278,663.08,0.9904665326935315,High,Loyal Customers,Personalized offer + priority support
50299,1288.8400000000001,0.9982158260159578,High,At Risk,Personalized offer + priority support
50303,2634.58,0.9984722286664492,High,At Risk,Personalized offer + priority support
50318,1798.2,0.9970882205129122,High,At Risk,Personalized offer + priority support
50320,843.06,0.9978157837675367,High,At Risk,Personalized offer + priority support
50323,883.02,0.9985221308080887,High,At Risk,Personalized offer + priority support
50327,870.3,0.9982874774788532,High,At Risk,Personalized offer + priority support
50338,766.85,0.9984630850542126,High,At Risk,Personalized offer + priority support
50343,1318.38,0.9984537588910336,High,At Risk,Personalized offer + priority support
50344,934.6200000000001,0.9977351357822379,High,At Risk,Personalized offer + priority support
50360,773.0,0.9970792507954526,High,At Risk,Personalized offer + priority support
50367,627.16,0.9980653178849413,High,At Risk,Personalized offer + priority support
50378,1470.48,0.998333350335474,High,At Risk,Personalized offer + priority support
50382,1360.38,0.9984537588910336,High,At Risk,Personalized offer + priority support
50384,1831.0600000000002,0.9978422395344277,High,At Risk,Personalized offer + priority support
50385,709.0,0.9986279169255127,High,At Risk,Personalized offer + priority support
50390,1201.32,0.998291125400499,High,At Risk,Personalized offer + priority support
50400,1303.47,0.9970113232238362,High,At Risk,Personalized offer + priority support
50402,1600.83,0.9980744827536557,High,At Risk,Personalized offer + priority support
50421,1071.28,0.9982041967643641,High,At Risk,Personalized offer + priority support
50427,491.66999999999996,0.9987865064155734,High,At Risk,Personalized offer + priority support
50434,612.36,0.9986731879433526,High,At Risk,Personalized offer + priority support
50454,639.2,0.998622477053884,High,At Risk,Personalized offer + priority support
50476,969.72,0.9970331969897157,High,At Risk,Personalized offer + priority support
50480,1010.38,0.998102206366991,High,At Risk,Personalized offer + priority support
50483,1235.78,0.998449005524605,High,At Risk,Personalized offer + priority support
50488,1034.53,0.9984046533637395,High,At Risk,Personalized offer + priority support
50497,648.04,0.998608940128395,High,At Risk,Personalized offer + priority support
50511,1034.25,0.998510052630382,High,At Risk,Personalized offer + priority support
50523,836.1199999999999,0.9981331788130593,High,At Risk,Personalized offer + priority support
50527,1017.59,0.99823619751416,High,At Risk,Personalized offer + priority support
50540,663.44,0.998608940128395,High,At Risk,Personalized offer + priority support
50566,1268.4,0.998281121228845,High,At Risk,Personalized offer + priority support
50569,609.75,0.9917164351348182,High,At Risk,Personalized offer + priority support
50571,2266.99,0.9981710150280239,High,At Risk,Personalized offer + priority support
50578,1208.48,0.9982182327845927,High,At Risk,Personalized offer + priority support
50621,983.0999999999999,0.9975689215198548,High,At Risk,Personalized offer + priority support
50632,981.75,0.9973530003811968,High,At Risk,Personalized offer + priority support
50636,1051.5,0.9974203030843789,High,At Risk,Personalized offer + priority support
50644,1287.72,0.9982686716548193,High,At Risk,Personalized offer + priority support
50649,1320.0600000000002,0.9983640101443404,High,At Risk,Personalized offer + priority support
50665,614.46,0.9985610164971193,High,At Risk,Personalized offer + priority support
50667,783.28,0.9974938055398556,High,At Risk,Personalized offer + priority support
50672,684.55,0.9982913859911773,High,At Risk,Personalized offer + priority support
50681,623.72,0.9978493547967231,High,At Risk,Personalized offer + priority support
50712,520.08,0.9925010332585047,High,At Risk,Personalized offer + priority support
50722,1216.44,0.9968894241527021,High,Loyal Customers,Personalized offer + priority support
50723,613.72,0.9987836113633731,High,At Risk,Personalized offer + priority support
50731,494.22,0.9987944893668411,High,At Risk,Personalized offer + priority support
50750,1079.28,0.998286445001773,High,At Risk,Personalized offer + priority support
50758,1417.64,0.9984258674315388,High,At Risk,Personalized offer + priority support
50762,678.9499999999999,0.9980766986230005,High,At Risk,Personalized offer + priority support
50764,815.08,0.9986351838420441,High,At Risk,Personalized offer + priority support
50795,1025.6,0.9957939106851966,High,Loyal Customers,Personalized offer + priority support
50796,722.2,0.998528415319257,High,At Risk,Personalized offer + priority support
50802,3034.65,0.9976409007043952,High,At Risk,Personalized offer + priority support
50803,770.5,0.9984134323302661,High,At Risk,Personalized offer + priority support
50808,933.7299999999999,0.998416010523591,High,At Risk,Personalized offer + priority support
50817,877.6200000000001,0.9981765731486018,High,At Risk,Personalized offer + priority support
50819,671.15,0.9977099351478741,High,At Risk,Personalized offer + priority support
50820,1167.18,0.9981622301035576,High,At Risk,Personalized offer + priority support
50823,1291.22,0.9983282335440574,High,At Risk,Personalized offer + priority support
50826,1786.68,0.9982385656607008,High,At Risk,Personalized offer + priority support
50827,1776.61,0.9985345063496708,High,At Risk,Personalized offer + priority support
50835,1172.88,0.9983741346310597,High,At Risk,Personalized offer + priority support
50840,1451.25,0.9973836650830584,High,At Risk,Personalized offer + priority support
50842,1000.4000000000001,0.9979362769734855,High,At Risk,Personalized offer + priority support
50844,878.3399999999999,0.9985096855285706,High,At Risk,Personalized offer + priority support
50854,1801.47,0.9979171153156035,High,At Risk,Personalized offer + priority support
50855,1080.03,0.9974479827368556,High,At Risk,Personalized offer + priority support
50859,667.48,0.9986447314405124,High,At Risk,Personalized offer + priority support
50861,970.74,0.9983874180015658,High,At Risk,Personalized offer + priority support
50872,630.76,0.976416232125399,High,Loyal Customers,Personalized offer + priority support
50883,1228.71,0.9984044841515839,High,At Risk,Personalized offer + priority support
50906,1871.3700000000001,0.9983002342511981,High,At Risk,Personalized offer + priority support
50909,697.84,0.9982965667294339,High,At Risk,Personalized offer + priority support
50926,683.65,0.9979745292983827,High,At Risk,Personalized offer + priority support
50934,1459.9,0.9983017052960825,High,At Risk,Personalized offer + priority support
50960,1366.64,0.9974604104262008,High,At Risk,Personalized offer + priority support
50961,985.88,0.9981734556021142,High,At Risk,Personalized offer + priority support
50969,2616.12,0.9975653939721073,High,At Risk,Personalized offer + priority support
50971,760.3499999999999,0.9980856343222869,High,At Risk,Personalized offer + priority support
50975,1220.87,0.9981865290418092,High,At Risk,Personalized offer + priority support
50979,1150.73,0.9981665828670847,High,At Risk,Personalized offer + priority support
50982,1182.84,0.9981251793701755,High,At Risk,Personalized offer + priority support
50995,1394.68,0.9984713776742239,High,At Risk,Personalized offer + priority support
51000,1276.5900000000001,0.9984593172753206,High,At Risk,Personalized offer + priority support
51006,804.42,0.9984032307764891,High,At Risk,Personalized offer + priority support
51007,1054.4099999999999,0.9974504318762345,High,At Risk,Personalized offer + priority support
51019,575.4,0.995794279168955,High,At Risk,Personalized offer + priority support
51024,1076.39,0.9983682275376699,High,At Risk,Personalized offer + priority support
51032,2860.9,0.9978933605058126,High,At Risk,Personalized offer + priority support
51036,473.09999999999997,0.9986904689878218,High,At Risk,Personalized offer + priority support
51039,975.5200000000001,0.9984288487219519,High,At Risk,Personalized offer + priority support
51055,1080.3100000000002,0.9976267823406898,High,At Risk,Personalized offer + priority support
51062,874.86,0.998384722605862,High,At Risk,Personalized offer + priority support
51084,559.44,0.9987099956752203,High,At Risk,Personalized offer + priority support
51090,1072.74,0.9983347466389635,High,At Risk,Personalized offer + priority support
51092,1427.76,0.9981188328707794,High,At Risk,Personalized offer + priority support
51094,1539.28,0.9983610857779128,High,At Risk,Personalized offer + priority support
51096,870.1200000000001,0.9984322594499703,High,At Risk,Personalized offer + priority support
51097,2904.7200000000003,0.9971492461405395,High,Loyal Customers,Personalized offer + priority support
51116,823.6,0.9982632806229393,High,At Risk,Personalized offer + priority support
51150,773.4000000000001,0.9970792507954526,High,At Risk,Personalized offer + priority support
51154,916.0500000000001,0.9983598155464511,High,At Risk,Personalized offer + priority support
51156,562.84,0.9986826055089373,High,At Risk,Personalized offer + priority support
51157,1106.9099999999999,0.9984080133018587,High,At Risk,Personalized offer + priority support
51171,2658.11,0.9974298606343884,High,At Risk,Personalized offer + priority support
51174,567.78,0.9987860277017936,High,At Risk,Personalized offer + priority support
51176,671.96,0.9984871982571467,High,At Risk,Personalized offer + priority support
51179,2846.6200000000003,0.9984963584855538,High,At Risk,Personalized offer + priority support
51180,1011.3599999999999,0.998106520006886,High,At Risk,Personalized offer + priority support
51190,757.6999999999999,0.9978990176543805,High,At Risk,Personalized offer + priority support
51192,1097.25,0.9981504611561292,High,At Risk,Personalized offer + priority support
51198,743.12,0.9976266192432416,High,At Risk,Personalized offer + priority support
51204,677.0,0.9981552983298204,High,At Risk,Personalized offer + priority support
51222,477.18,0.9986866059630101,High,At Risk,Personalized offer + priority support
51244,944.8199999999999,0.9981453614275836,High,At Risk,Personalized offer + priority support
51248,1060.57,0.9984428044229922,High,At Risk,Personalized offer + priority support
51265,1200.24,0.9981765731486018,High,At Risk,Personalized offer + priority support
51285,1469.07,0.9973887940715066,High,Loyal Customers,Personalized offer + priority support
51286,783.85,0.9983272734139342,High,At Risk,Personalized offer + priority support
51290,2235.96,0.9985563639605517,High,At Risk,Personalized offer + priority support
51292,722.0,0.9980758482835209,High,At Risk,Personalized offer + priority support
51294,1072.47,0.9984331141554256,High,At Risk,Personalized offer + priority support
51307,1021.1,0.9973358871051253,High,At Risk,Personalized offer + priority support
51315,529.3199999999999,0.9950445040356906,High,Loyal Customers,Personalized offer + priority support
51323,1694.66,0.9975038220308621,High,At Risk,Personalized offer + priority support
51355,1066.5900000000001,0.9984418841851012,High,At Risk,Personalized offer + priority support
51361,1598.4,0.9981686848502571,High,At Risk,Personalized offer + priority support
51372,835.14,0.9983835217942633,High,At Risk,Personalized offer + priority support
51374,1012.4,0.9983258512139169,High,At Risk,Personalized offer + priority support
51392,1165.44,0.9973371802321397,High,At Risk,Personalized offer + priority support
51406,1131.3400000000001,0.9981282385641101,High,At Risk,Personalized offer + priority support
51409,1234.5900000000001,0.9974842638787712,High,At Risk,Personalized offer + priority support
51410,2411.52,0.9978418974917096,High,At Risk,Personalized offer + priority support
51434,1415.2,0.998215037185808,High,At Risk,Personalized offer + priority support
51435,784.76,0.9984004680785127,High,At Risk,Personalized offer + priority support
51439,1860.5700000000002,0.9982251308324455,High,At Risk,Personalized offer + priority support
51440,750.5,0.9974504318762345,High,At Risk,Personalized offer + priority support
51456,2098.08,0.9982386538111392,High,At Risk,Personalized offer + priority support
51470,1132.04,0.9984080133018587,High,At Risk,Personalized offer + priority support
51472,3046.8,0.998365501686342,High,At Risk,Personalized offer + priority support
51475,828.3499999999999,0.9973021882255836,High,At Risk,Personalized offer + priority support
51483,795.1,0.9983096387236233,High,At Risk,Personalized offer + priority support
51485,653.88,0.9981617435267202,High,At Risk,Personalized offer + priority support
51500,569.9399999999999,0.9987570949533474,High,At Risk,Personalized offer + priority support
51513,1359.33,0.9963203500053864,High,Loyal Customers,Personalized offer + priority support
51524,3067.95,0.9982904844755702,High,At Risk,Personalized offer + priority support
51556,1836.0,0.9981710150280239,High,At Risk,Personalized offer + priority support
51557,923.7,0.9978917258321979,High,At Risk,Personalized offer + priority support
51564,2263.8,0.9984688978097078,High,At Risk,Personalized offer + priority support
51566,477.41999999999996,0.9987917484674361,High,At Risk,Personalized offer + priority support
51569,1030.4499999999998,0.9984334975125321,High,At Risk,Personalized offer + priority support
51589,532.76,0.9986896479015099,High,At Risk,Personalized offer + priority support
51593,797.8499999999999,0.9985397084005222,High,At Risk,Personalized offer + priority support
51607,1067.43,0.9984331141554256,High,At Risk,Personalized offer + priority support
51612,1090.74,0.9981628836877343,High,At Risk,Personalized offer + priority support
51615,1321.0,0.9977115012573785,High,At Risk,Personalized offer + priority support
51623,1092.3500000000001,0.9984796550142586,High,At Risk,Personalized offer + priority support
51627,1639.77,0.9984724281694958,High,At Risk,Personalized offer + priority support
51637,1013.9499999999999,0.9984402294249164,High,At Risk,Personalized offer + priority support
51639,1107.96,0.9973684325025244,High,Loyal Customers,Personalized offer + priority support
51643,1081.1999999999998,0.9985096719015697,High,At Risk,Personalized offer + priority support
51649,1185.03,0.9981671966906219,High,At Risk,Personalized offer + priority support
51650,588.39,0.9987964115781147,High,At Risk,Personalized offer + priority support
51652,619.36,0.9983250061701842,High,At Risk,Personalized offer + priority support
51657,1368.8999999999999,0.9982527085381729,High,At Risk,Personalized offer + priority support
51663,1045.87,0.9981006503132877,High,At Risk,Personalized offer + priority support
51665,1675.08,0.9982739850755257,High,At Risk,Personalized offer + priority support
51671,1515.44,0.9982928651564533,High,At Risk,Personalized offer + priority support
51680,1232.73,0.9980577710748989,High,At Risk,Personalized offer + priority support
51688,685.72,0.9981563575868342,High,At Risk,Personalized offer + priority support
51699,958.44,0.9984741011333759,High,At Risk,Personalized offer + priority support
51701,1070.72,0.998158184481103,High,At Risk,Personalized offer + priority support
51712,1354.8500000000001,0.9981534516604528,High,At Risk,Personalized offer + priority support
51744,1444.9,0.9974830518016384,High,At Risk,Personalized offer + priority support
51748,663.08,0.9925698080198307,High,Loyal Customers,Personalized offer + priority support
51769,1288.8400000000001,0.9982158260159578,High,At Risk,Personalized offer + priority support
51773,2634.58,0.9984722286664492,High,At Risk,Personalized offer + priority support
51788,1798.2,0.9970882205129122,High,At Risk,Personalized offer + priority support
51790,843.06,0.9978157837675367,High,At Risk,Personalized offer + priority support
51793,883.02,0.9985221308080887,High,At Risk,Personalized offer + priority support
51797,870.3,0.9982874774788532,High,At Risk,Personalized offer + priority support
51808,766.85,0.9984630850542126,High,At Risk,Personalized offer + priority support
51813,1318.38,0.9984537588910336,High,At Risk,Personalized offer + priority support
51814,934.6200000000001,0.9977351357822379,High,At Risk,Personalized offer + priority support
51830,773.0,0.9970792507954526,High,At Risk,Personalized offer + priority support
51837,627.16,0.9978376992686716,High,At Risk,Personalized offer + priority support
51848,1470.48,0.998333350335474,High,At Risk,Personalized offer + priority support
51852,1360.38,0.9984537588910336,High,At Risk,Personalized offer + priority support
51854,1831.0600000000002,0.9978422395344277,High,At Risk,Personalized offer + priority support
51855,709.0,0.9985683436167863,High,At Risk,Personalized offer + priority support
51860,1201.32,0.998291125400499,High,At Risk,Personalized offer + priority support
51870,1303.47,0.9970113232238362,High,At Risk,Personalized offer + priority support
51872,1600.83,0.9980744827536557,High,At Risk,Personalized offer + priority support
51891,1071.28,0.9982041967643641,High,At Risk,Personalized offer + priority support
51897,491.66999999999996,0.9987865064155734,High,At Risk,Personalized offer + priority support
51904,612.36,0.9985296374090696,High,At Risk,Personalized offer + priority support
51924,639.2,0.9985304874406861,High,At Risk,Personalized offer + priority support
51946,969.72,0.9970331969897157,High,At Risk,Personalized offer + priority support
51950,1010.38,0.998102206366991,High,At Risk,Personalized offer + priority support
51953,1235.78,0.998449005524605,High,At Risk,Personalized offer + priority support
51958,1034.53,0.9984046533637395,High,At Risk,Personalized offer + priority support
51967,648.04,0.9984872257975753,High,At Risk,Personalized offer + priority support
51981,1034.25,0.998510052630382,High,At Risk,Personalized offer + priority support
51993,836.1199999999999,0.9982901969633912,High,At Risk,Personalized offer + priority support
51997,1017.59,0.99823619751416,High,At Risk,Personalized offer + priority support
52010,663.44,0.9984872257975753,High,At Risk,Personalized offer + priority support
52036,1268.4,0.998281121228845,High,At Risk,Personalized offer + priority support
52039,609.75,0.9917164351348182,High,At Risk,Personalized offer + priority support
52041,2266.99,0.9982508133670877,High,At Risk,Personalized offer + priority support
52048,1208.48,0.9982182327845927,High,At Risk,Personalized offer + priority support
52091,983.0999999999999,0.9975689215198548,High,At Risk,Personalized offer + priority support
52102,981.75,0.9973530003811968,High,At Risk,Personalized offer + priority support
52106,1051.5,0.9974203030843789,High,At Risk,Personalized offer + priority support
52114,1287.72,0.9982686716548193,High,At Risk,Personalized offer + priority support
52119,1320.0600000000002,0.9983640101443404,High,At Risk,Personalized offer + priority support
52135,614.46,0.9985610164971193,High,At Risk,Personalized offer + priority support
52137,783.28,0.9983753869744554,High,At Risk,Personalized offer + priority support
52142,684.55,0.9982913859911773,High,At Risk,Personalized offer + priority support
52151,623.72,0.9976763351809886,High,At Risk,Personalized offer + priority support
52182,520.08,0.9925010332585047,High,At Risk,Personalized offer + priority support
52192,1216.44,0.9968894241527021,High,Loyal Customers,Personalized offer + priority support
52193,613.72,0.9987131120671813,High,At Risk,Personalized offer + priority support
52201,494.22,0.9987944893668411,High,At Risk,Personalized offer + priority support
52220,1079.28,0.998286445001773,High,At Risk,Personalized offer + priority support
52221,1890.33,0.9985436284523881,High,At Risk,Personalized offer + priority support
52228,1417.64,0.9984258674315388,High,At Risk,Personalized offer + priority support
52232,678.9499999999999,0.9980766986230005,High,At Risk,Personalized offer + priority support
52234,815.08,0.9985413055557327,High,At Risk,Personalized offer + priority support
52265,1025.6,0.9957939106851966,High,Loyal Customers,Personalized offer + priority support
52266,722.2,0.998528415319257,High,At Risk,Personalized offer + priority support
52268,4086.5999999999995,0.9980002016953847,High,At Risk,Personalized offer + priority support
52272,3034.65,0.9976409007043952,High,At Risk,Personalized offer + priority support
52273,770.5,0.9984134323302661,High,At Risk,Personalized offer + priority support
52278,933.7299999999999,0.998416010523591,High,At Risk,Personalized offer + priority support
52287,877.6200000000001,0.9981765731486018,High,At Risk,Personalized offer + priority support
52289,671.15,0.9977099351478741,High,At Risk,Personalized offer + priority support
52290,1167.18,0.9981622301035576,High,At Risk,Personalized offer + priority support
52293,1291.22,0.9983282335440574,High,At Risk,Personalized offer + priority support
52296,1786.68,0.9982385656607008,High,At Risk,Personalized offer + priority support
52297,1776.61,0.9985345063496708,High,At Risk,Personalized offer + priority support
52305,1172.88,0.9983741346310597,High,At Risk,Personalized offer + priority support
52310,1451.25,0.9973836650830584,High,At Risk,Personalized offer + priority support
52312,1000.4000000000001,0.9979362769734855,High,At Risk,Personalized offer + priority support
52314,878.3399999999999,0.9985096855285706,High,At Risk,Personalized offer + priority support
52324,1801.47,0.9979171153156035,High,At Risk,Personalized offer + priority support
52325,1080.03,0.9974479827368556,High,At Risk,Personalized offer + priority support
52329,667.48,0.998588019988309,High,At Risk,Personalized offer + priority support
52331,970.74,0.9983874180015658,High,At Risk,Personalized offer + priority support
52342,630.76,0.9896820282146214,High,Loyal Customers,Personalized offer + priority support
52353,1228.71,0.9984044841515839,High,At Risk,Personalized offer + priority support
52376,1871.3700000000001,0.9983002342511981,High,At Risk,Personalized offer + priority support
52379,697.84,0.9982965667294339,High,At Risk,Personalized offer + priority support
52396,683.65,0.9979745292983827,High,At Risk,Personalized offer + priority support
52404,1459.9,0.9983017052960825,High,At Risk,Personalized offer + priority support
52430,1366.64,0.9974604104262008,High,At Risk,Personalized offer + priority support
52431,985.88,0.9981734556021142,High,At Risk,Personalized offer + priority support
52439,2616.12,0.9975653939721073,High,At Risk,Personalized offer + priority support
52441,760.3499999999999,0.9980856343222869,High,At Risk,Personalized offer + priority support
52445,1220.87,0.9981865290418092,High,At Risk,Personalized offer + priority support
52449,1150.73,0.9981665828670847,High,At Risk,Personalized offer + priority support
52452,1182.84,0.9981251793701755,High,At Risk,Personalized offer + priority support
52465,1394.68,0.9984713776742239,High,At Risk,Personalized offer + priority support
52470,1276.5900000000001,0.9984593172753206,High,At Risk,Personalized offer + priority support
52476,804.42,0.9984032307764891,High,At Risk,Personalized offer + priority support
52477,1054.4099999999999,0.9974504318762345,High,At Risk,Personalized offer + priority support
52489,575.4,0.995794279168955,High,At Risk,Personalized offer + priority support
52494,1076.39,0.9983682275376699,High,At Risk,Personalized offer + priority support
52502,2860.9,0.9978933605058126,High,At Risk,Personalized offer + priority support
52506,473.09999999999997,0.9986904689878218,High,At Risk,Personalized offer + priority support
52509,975.5200000000001,0.9984288487219519,High,At Risk,Personalized offer + priority support
52525,1080.3100000000002,0.9976267823406898,High,At Risk,Personalized offer + priority support
52532,874.86,0.998384722605862,High,At Risk,Personalized offer + priority support
52554,559.44,0.9987099956752203,High,At Risk,Personalized offer + priority support
52560,1072.74,0.9983347466389635,High,At Risk,Personalized offer + priority support
52562,1427.76,0.9981188328707794,High,At Risk,Personalized offer + priority support
52564,1539.28,0.9983610857779128,High,At Risk,Personalized offer + priority support
52566,870.1200000000001,0.9984322594499703,High,At Risk,Personalized offer + priority support
52567,2904.7200000000003,0.9971492461405395,High,Loyal Customers,Personalized offer + priority support
52586,823.6,0.9982632806229393,High,At Risk,Personalized offer + priority support
52620,773.4000000000001,0.9970792507954526,High,At Risk,Personalized offer + priority support
52624,916.0500000000001,0.9983598155464511,High,At Risk,Personalized offer + priority support
52626,562.84,0.9986826055089373,High,At Risk,Personalized offer + priority support
52627,1106.9099999999999,0.9984080133018587,High,At Risk,Personalized offer + priority support
52641,2658.11,0.9974298606343884,High,At Risk,Personalized offer + priority support
52644,567.78,0.9987860277017936,High,At Risk,Personalized offer + priority support
52646,671.96,0.9984871982571467,High,At Risk,Personalized offer + priority support
52649,2846.6200000000003,0.9984963584855538,High,At Risk,Personalized offer + priority support
52650,1011.3599999999999,0.998106520006886,High,At Risk,Personalized offer + priority support
52660,757.6999999999999,0.9978990176543805,High,At Risk,Personalized offer + priority support
52662,1097.25,0.9981504611561292,High,At Risk,Personalized offer + priority support
52668,743.12,0.9976266192432416,High,At Risk,Personalized offer + priority support
52674,677.0,0.9981552983298204,High,At Risk,Personalized offer + priority support
52692,477.18,0.9986866059630101,High,At Risk,Personalized offer + priority support
52714,944.8199999999999,0.9981453614275836,High,At Risk,Personalized offer + priority support
52718,1060.57,0.9984428044229922,High,At Risk,Personalized offer + priority support
52735,1200.24,0.9981765731486018,High,At Risk,Personalized offer + priority support
52755,1469.07,0.9973887940715066,High,Loyal Customers,Personalized offer + priority support
52756,783.85,0.9983272734139342,High,At Risk,Personalized offer + priority support
52760,2235.96,0.9985563639605517,High,At Risk,Personalized offer + priority support
52762,722.0,0.9980758482835209,High,At Risk,Personalized offer + priority support
52764,1072.47,0.9984331141554256,High,At Risk,Personalized offer + priority support
52777,1021.1,0.9973358871051253,High,At Risk,Personalized offer + priority support
52785,529.3199999999999,0.9950445040356906,High,Loyal Customers,Personalized offer + priority support
52793,1694.66,0.9975038220308621,High,At Risk,Personalized offer + priority support
52821,1149.33,0.9984080133018587,High,At Risk,Personalized offer + priority support
52835,873.15,0.996731375799203,High,Loyal Customers,Personalized offer + priority support
52836,1493.76,0.9983760695227698,High,At Risk,Personalized offer + priority support
52840,463.0,0.9946249016683772,High,Potential Loyalists,Personalized offer + priority support
52843,740.3,0.9975465623710695,High,At Risk,Personalized offer + priority support
52856,1621.3,0.9976735162126027,High,At Risk,Personalized offer + priority support
52864,1090.04,0.9982468965979633,High,At Risk,Personalized offer + priority support
52881,3899.88,0.9984276503808808,High,At Risk,Personalized offer + priority support
52894,609.64,0.998540958052958,High,At Risk,Personalized offer + priority support
52911,736.56,0.998427513454261,High,At Risk,Personalized offer + priority support
52934,790.95,0.9981871390654472,High,At Risk,Personalized offer + priority support
52938,1107.42,0.9985096719015697,High,At Risk,Personalized offer + priority support
52947,1207.44,0.9982241162540539,High,At Risk,Personalized offer + priority support
52952,1419.92,0.9984715978686484,High,At Risk,Personalized offer + priority support
52957,1446.56,0.9980246934385439,High,At Risk,Personalized offer + priority support
52960,1728.1,0.9974266371954705,High,At Risk,Personalized offer + priority support
52968,1448.4,0.9984192777061963,High,At Risk,Personalized offer + priority support
52972,2088.84,0.9984469030984391,High,At Risk,Personalized offer + priority support
52975,689.64,0.9904138025646101,High,Loyal Customers,Personalized offer + priority support
52976,876.9000000000001,0.9981649293929027,High,At Risk,Personalized offer + priority support
52982,1358.8,0.998003058630105,High,At Risk,Personalized offer + priority support
52984,1466.24,0.9983760695227698,High,At Risk,Personalized offer + priority support
52988,1436.3999999999999,0.9984207747614251,High,At Risk,Personalized offer + priority support
52994,1554.32,0.9978957116728807,High,At Risk,Personalized offer + priority support
52997,899.2,0.9979434071725573,High,At Risk,Personalized offer + priority support
53002,1771.0,0.9984653280883166,High,At Risk,Personalized offer + priority support
53008,1395.28,0.9981524162884837,High,At Risk,Personalized offer + priority support
53010,2127.36,0.998308454416185,High,At Risk,Personalized offer + priority support
53025,1619.7,0.9984267968517804,High,At Risk,Personalized offer + priority support
53033,982.1500000000001,0.9976810395162256,High,At Risk,Personalized offer + priority support
53044,1293.18,0.9985115083841039,High,At Risk,Personalized offer + priority support
53046,1423.68,0.9981844289813422,High,At Risk,Personalized offer + priority support
53077,2019.42,0.9975293861891834,High,At Risk,Personalized offer + priority support
53085,672.24,0.9984126694182386,High,At Risk,Personalized offer + priority support
53089,1864.39,0.997461453402234,High,At Risk,Personalized offer + priority support
53093,953.85,0.9976148669921617,High,At Risk,Personalized offer + priority support
53114,1672.96,0.998290580839833,High,At Risk,Personalized offer + priority support
53117,1054.48,0.9981533119566324,High,At Risk,Personalized offer + priority support
53121,836.5,0.9971176619289852,High,Loyal Customers,Personalized offer + priority support
53123,916.08,0.9984465885380036,High,At Risk,Personalized offer + priority support
53125,462.96000000000004,0.9986412005940656,High,Lost Customers,Personalized offer + priority support
53135,1158.57,0.9980105763485212,High,At Risk,Personalized offer + priority support
53138,1205.1899999999998,0.9985071649173037,High,At Risk,Personalized offer + priority support
53142,1194.3600000000001,0.998444513866219,High,At Risk,Personalized offer + priority support
53143,692.2,0.9976305178977715,High,At Risk,Personalized offer + priority support
53153,1070.22,0.9984345095989573,High,At Risk,Personalized offer + priority support
53159,1265.39,0.9983210589487528,High,At Risk,Personalized offer + priority support
53163,947.35,0.9970461287524568,High,Loyal Customers,Personalized offer + priority support
53175,1077.6,0.9975088638777364,High,At Risk,Personalized offer + priority support
53182,908.9499999999999,0.9981683184415852,High,At Risk,Personalized offer + priority support
53193,1879.29,0.9984437750295285,High,At Risk,Personalized offer + priority support
53194,1367.19,0.9975282473926539,High,At Risk,Personalized offer + priority support
53199,2297.52,0.9979935359839748,High,At Risk,Personalized offer + priority support
53200,1011.25,0.9984144081328834,High,At Risk,Personalized offer + priority support
53205,1584.8,0.9982455050952946,High,At Risk,Personalized offer + priority support
53214,628.84,0.9978448943701301,High,At Risk,Personalized offer + priority support
53217,2046.3600000000001,0.9980014786386814,High,At Risk,Personalized offer + priority support
53231,588.64,0.9952881784009904,High,At Risk,Personalized offer + priority support
53236,1424.32,0.9982024508546031,High,At Risk,Personalized offer + priority support
53240,932.0999999999999,0.9973016022847614,High,Loyal Customers,Personalized offer + priority support
53242,755.56,0.9984485662777275,High,At Risk,Personalized offer + priority support
53249,890.45,0.9978034730350682,High,At Risk,Personalized offer + priority support
53253,1214.88,0.9984019965975319,High,At Risk,Personalized offer + priority support
53259,647.18,0.990791155496385,High,Lost Customers,Personalized offer + priority support
53268,764.0999999999999,0.9973095676009492,High,Loyal Customers,Personalized offer + priority support
53269,924.0,0.9983779494427778,High,At Risk,Personalized offer + priority support
53273,669.76,0.9982682126224933,High,At Risk,Personalized offer + priority support
53291,1306.3400000000001,0.9977919531845888,High,At Risk,Personalized offer + priority support
53295,1354.72,0.9983433778188436,High,At Risk,Personalized offer + priority support
53298,1612.32,0.9984689281431511,High,At Risk,Personalized offer + priority support
53299,1412.8,0.9970205092515679,High,Loyal Customers,Personalized offer + priority support
53303,1382.32,0.9983338798827762,High,At Risk,Personalized offer + priority support
53308,552.99,0.9949818566496719,High,Loyal Customers,Personalized offer + priority support
53312,935.05,0.9984433261257374,High,At Risk,Personalized offer + priority support
53327,1161.76,0.9984084254122383,High,At Risk,Personalized offer + priority support
53331,626.48,0.9915118801767568,High,At Risk,Personalized offer + priority support
53332,1141.44,0.9935145604897722,High,Loyal Customers,Personalized offer + priority support
53342,1362.96,0.9981006926404431,High,At Risk,Personalized offer + priority support
53355,954.3000000000001,0.9984484177800136,High,At Risk,Personalized offer + priority support
53372,1564.92,0.9984388410316155,High,At Risk,Personalized offer + priority support
53377,516.63,0.9982563674578725,High,At Risk,Personalized offer + priority support
53378,600.76,0.9987259665521518,High,At Risk,Personalized offer + priority support
53381,1651.95,0.9981848130033774,High,At Risk,Personalized offer + priority support
53383,1345.75,0.9947782768557697,High,Loyal Customers,Personalized offer + priority support
53393,1581.12,0.99821667150097,High,At Risk,Personalized offer + priority support
53398,527.01,0.9983097352349465,High,At Risk,Personalized offer + priority support
53436,1321.95,0.9978043390945913,High,At Risk,Personalized offer + priority support
53437,1948.38,0.9984644260379376,High,At Risk,Personalized offer + priority support
53440,2264.15,0.9984892114446561,High,At Risk,Personalized offer + priority support
53443,2438.88,0.9982508133670877,High,At Risk,Personalized offer + priority support
53447,1322.0,0.9977047239877413,High,At Risk,Personalized offer + priority support
53451,1401.75,0.9977631022155397,High,At Risk,Personalized offer + priority support
53459,1671.68,0.9983701109492172,High,At Risk,Personalized offer + priority support
53483,680.32,0.9983656121428023,High,At Risk,Personalized offer + priority support
53487,971.46,0.9983874180015658,High,At Risk,Personalized offer + priority support
53496,904.6500000000001,0.9980509998661015,High,At Risk,Personalized offer + priority support
53527,793.44,0.9983638286651343,High,At Risk,Personalized offer + priority support
53538,892.1500000000001,0.9985424390091097,High,At Risk,Personalized offer + priority support
53546,758.96,0.99857569969816,High,At Risk,Personalized offer + priority support
53559,627.84,0.9937250699048134,High,Loyal Customers,Personalized offer + priority support
53565,1439.19,0.9982947762357947,High,At Risk,Personalized offer + priority support
53574,764.05,0.998537786129484,High,At Risk,Personalized offer + priority support
53577,964.74,0.9981395150034951,High,At Risk,Personalized offer + priority support
53580,1031.45,0.998437991232536,High,At Risk,Personalized offer + priority support
53582,1160.88,0.9980500518692437,High,At Risk,Personalized offer + priority support
53609,3881.6400000000003,0.9983848038422862,High,At Risk,Personalized offer + priority support
53611,1016.64,0.9985234811893049,High,At Risk,Personalized offer + priority support
53618,1074.6,0.9985656320519783,High,At Risk,Personalized offer + priority support
53621,1227.04,0.9980044192484464,High,At Risk,Personalized offer + priority support
53623,1267.12,0.9983760695227698,High,At Risk,Personalized offer + priority support
53632,1198.89,0.9981671966906219,High,At Risk,Personalized offer + priority support
53634,955.3799999999999,0.99795921245498,High,At Risk,Personalized offer + priority support
53635,1533.92,0.9981746597883893,High,At Risk,Personalized offer + priority support
53642,2238.12,0.9981645042358426,High,At Risk,Personalized offer + priority support
53650,1544.4900000000002,0.9985424390091097,High,At Risk,Personalized offer + priority support
53655,1862.5,0.997655136200473,High,At Risk,Personalized offer + priority support
53659,1199.73,0.9985408030750852,High,At Risk,Personalized offer + priority support
53669,2265.2400000000002,0.9979790364100967,High,At Risk,Personalized offer + priority support
53670,1434.32,0.9969668802725348,High,At Risk,Personalized offer + priority support
53674,959.35,0.9985448069756236,High,At Risk,Personalized offer + priority support
53676,1307.53,0.9984067690037683,High,At Risk,Personalized offer + priority support
53679,718.68,0.9949039419729718,High,Loyal Customers,Personalized offer + priority support
53687,913.45,0.9983445364863534,High,At Risk,Personalized offer + priority support
53688,1191.52,0.9983729257269364,High,At Risk,Personalized offer + priority support
53698,1604.24,0.9983760695227698,High,At Risk,Personalized offer + priority support
53724,997.3000000000001,0.9981623568618495,High,At Risk,Personalized offer + priority support
53739,690.36,0.9985277928824664,High,At Risk,Personalized offer + priority support
53741,970.3799999999999,0.9983303786566214,High,At Risk,Personalized offer + priority support
53744,522.0,0.9986109668498573,High,At Risk,Personalized offer + priority support
53749,1880.89,0.9983051379090774,High,At Risk,Personalized offer + priority support
53775,1762.47,0.9976523014268782,High,At Risk,Personalized offer + priority support
53776,1326.72,0.9981844289813422,High,At Risk,Personalized offer + priority support
53778,888.48,0.998498281953014,High,At Risk,Personalized offer + priority support
53780,671.4,0.9984535343930053,High,At Risk,Personalized offer + priority support
53786,1062.42,0.997964229675123,High,At Risk,Personalized offer + priority support
53790,1595.28,0.9982108009251611,High,At Risk,Personalized offer + priority support
53792,551.34,0.9987807178240268,High,At Risk,Personalized offer + priority support
53794,1515.12,0.9982050650494813,High,At Risk,Personalized offer + priority support
53805,1189.36,0.9981380279442517,High,At Risk,Personalized offer + priority support
53815,1658.96,0.998457098724754,High,At Risk,Personalized offer + priority support
53821,1113.49,0.9985220780153782,High,At Risk,Personalized offer + priority support
53822,1405.04,0.9968398832469118,High,At Risk,Personalized offer + priority support
53834,844.25,0.9978984004473496,High,At Risk,Personalized offer + priority support
53839,1430.16,0.9984668961756772,High,At Risk,Personalized offer + priority support
53848,499.43999999999994,0.9987917484674361,High,At Risk,Personalized offer + priority support
53850,701.68,0.9985292763360768,High,At Risk,Personalized offer + priority support
53851,730.8,0.9977297999187457,High,At Risk,Personalized offer + priority support
53854,1314.88,0.9984675351660864,High,At Risk,Personalized offer + priority support
53855,817.8,0.9954267074018208,High,Loyal Customers,Personalized offer + priority support
53870,1434.64,0.9971974909154584,High,At Risk,Personalized offer + priority support
53877,1195.67,0.9984038536815878,High,At Risk,Personalized offer + priority support
53878,517.05,0.9987975180281068,High,At Risk,Personalized offer + priority support
53884,597.6,0.995670118528774,High,Loyal Customers,Personalized offer + priority support
53895,1212.4,0.9983599236675872,High,At Risk,Personalized offer + priority support
53897,904.1999999999999,0.9981381447097416,High,At Risk,Personalized offer + priority support
53899,824.3000000000001,0.9985324903618799,High,At Risk,Personalized offer + priority support
53903,1388.61,0.9969728047736867,High,At Risk,Personalized offer + priority support
53905,1426.53,0.9983409217411988,High,At Risk,Personalized offer + priority support
53907,1831.23,0.9984360684972731,High,At Risk,Personalized offer + priority support
53911,1190.14,0.9984674626155404,High,At Risk,Personalized offer + priority support
53931,1138.32,0.9984634338656052,High,At Risk,Personalized offer + priority support
53965,1078.08,0.9975165042390692,High,At Risk,Personalized offer + priority support
53969,1249.26,0.9985155367759182,High,At Risk,Personalized offer + priority support
53971,828.5500000000001,0.998094775398061,High,At Risk,Personalized offer + priority support
53972,1465.04,0.9983760695227698,High,At Risk,Personalized offer + priority support
53973,1251.44,0.9970959320584555,High,At Risk,Personalized offer + priority support
53980,603.68,0.9987294813201618,High,At Risk,Personalized offer + priority support
53991,964.95,0.9985448069756236,High,At Risk,Personalized offer + priority support
53995,1355.84,0.998322922659456,High,At Risk,Personalized offer + priority support
54005,1059.24,0.998169266231168,High,At Risk,Personalized offer + priority support
54007,1454.0,0.9981994107875414,High,At Risk,Personalized offer + priority support
54009,652.48,0.9981938006237249,High,At Risk,Personalized offer + priority support
54011,617.44,0.992693864992952,High,Loyal Customers,Personalized offer + priority support
54019,962.4000000000001,0.9982053951834956,High,At Risk,Personalized offer + priority support
54025,1381.92,0.996505304172492,High,Loyal Customers,Personalized offer + priority support
54037,736.24,0.9977297999187457,High,At Risk,Personalized offer + priority support
54052,1203.52,0.9981760352874117,High,At Risk,Personalized offer + priority support
54059,1277.29,0.9980829089630533,High,At Risk,Personalized offer + priority support
54063,1412.08,0.998539738172633,High,At Risk,Personalized offer + priority support
54073,466.95000000000005,0.9912581281837305,High,Loyal Customers,Personalized offer + priority support
54077,1229.36,0.9981818867224996,High,At Risk,Personalized offer + priority support
54080,1575.27,0.9981626441485479,High,At Risk,Personalized offer + priority support
54088,461.90999999999997,0.9938088885691744,High,Loyal Customers,Personalized offer + priority support
54089,554.04,0.9987883579399877,High,At Risk,Personalized offer + priority support
54095,673.28,0.9978548316287341,High,At Risk,Personalized offer + priority support
54100,1882.3,0.9984553994420494,High,At Risk,Personalized offer + priority support
54101,1090.6200000000001,0.9983722949454945,High,At Risk,Personalized offer + priority support
54107,1016.4000000000001,0.9983448773966587,High,At Risk,Personalized offer + priority support
54109,1425.68,0.9984715978686484,High,At Risk,Personalized offer + priority support
54130,805.76,0.9982134038952478,High,At Risk,Personalized offer + priority support
54135,1483.8999999999999,0.9982611404300133,High,At Risk,Personalized offer + priority support
54138,2148.7200000000003,0.9978203608470627,High,At Risk,Personalized offer + priority support
54166,622.72,0.998569597827549,High,At Risk,Personalized offer + priority support
54170,1418.96,0.9979993929339033,High,At Risk,Personalized offer + priority support
54173,770.5500000000001,0.9947410232279513,High,Loyal Customers,Personalized offer + priority support
54187,1149.33,0.9984080133018587,High,At Risk,Personalized offer + priority support
54205,660.44,0.997934449857753,High,At Risk,Personalized offer + priority support
54207,1536.1200000000001,0.9971447704139659,High,At Risk,Personalized offer + priority support
54221,1492.96,0.9980193145704476,High,At Risk,Personalized offer + priority support
54222,1490.6,0.9980524293862296,High,At Risk,Personalized offer + priority support
54224,1610.96,0.9977631022155397,High,At Risk,Personalized offer + priority support
54237,504.36,0.9987953909381598,High,At Risk,Personalized offer + priority support
54249,1831.72,0.998294206339386,High,At Risk,Personalized offer + priority support
54253,531.27,0.9981454224413664,High,At Risk,Personalized offer + priority support
54255,1050.6,0.9968398832469118,High,At Risk,Personalized offer + priority support
54264,519.27,0.998786102308102,High,At Risk,Personalized offer + priority support
54271,2597.92,0.9984950567507226,High,At Risk,Personalized offer + priority support
54283,873.15,0.996731375799203,High,Loyal Customers,Personalized offer + priority support
54285,1493.76,0.9983760695227698,High,At Risk,Personalized offer + priority support
54286,743.4000000000001,0.9964655903569195,High,Loyal Customers,Personalized offer + priority support
54290,1144.02,0.9979077485162389,High,At Risk,Personalized offer + priority support
54295,926.52,0.9981381447097416,High,At Risk,Personalized offer + priority support
54297,463.0,0.9957485616107208,High,Potential Loyalists,Personalized offer + priority support
54298,1104.1200000000001,0.9983798130255761,High,At Risk,Personalized offer + priority support
54300,942.35,0.9979340739873587,High,At Risk,Personalized offer + priority support
54306,471.12,0.9987300018019895,High,At Risk,Personalized offer + priority support
54311,543.1500000000001,0.998735880760255,High,At Risk,Personalized offer + priority support
54313,740.3,0.9975465623710695,High,At Risk,Personalized offer + priority support
54326,1621.3,0.9976735162126027,High,At Risk,Personalized offer + priority support
54334,1090.04,0.9982468965979633,High,At Risk,Personalized offer + priority support
54351,3899.88,0.9984276503808808,High,At Risk,Personalized offer + priority support
54364,609.64,0.998540958052958,High,At Risk,Personalized offer + priority support
54381,736.56,0.998427513454261,High,At Risk,Personalized offer + priority support
54387,917.58,0.9983390213877086,High,At Risk,Personalized offer + priority support
54404,790.95,0.9981871390654472,High,At Risk,Personalized offer + priority support
54408,1107.42,0.9985096719015697,High,At Risk,Personalized offer + priority support
54417,1207.44,0.9982241162540539,High,At Risk,Personalized offer + priority support
54422,1419.92,0.9984715978686484,High,At Risk,Personalized offer + priority support
54427,1446.56,0.9980246934385439,High,At Risk,Personalized offer + priority support
54430,1728.1,0.9974266371954705,High,At Risk,Personalized offer + priority support
54438,1448.4,0.9984192777061963,High,At Risk,Personalized offer + priority support
54442,2088.84,0.9984469030984391,High,At Risk,Personalized offer + priority support
54445,689.64,0.9904138025646101,High,Loyal Customers,Personalized offer + priority support
54446,876.9000000000001,0.9981649293929027,High,At Risk,Personalized offer + priority support
54452,1358.8,0.998003058630105,High,At Risk,Personalized offer + priority support
54454,1466.24,0.9983760695227698,High,At Risk,Personalized offer + priority support
54458,1436.3999999999999,0.9984207747614251,High,At Risk,Personalized offer + priority support
54464,1554.32,0.9978957116728807,High,At Risk,Personalized offer + priority support
54467,899.2,0.9979434071725573,High,At Risk,Personalized offer + priority support
54472,1771.0,0.9984653280883166,High,At Risk,Personalized offer + priority support
54478,1395.28,0.9981524162884837,High,At Risk,Personalized offer + priority support
54480,2127.36,0.998308454416185,High,At Risk,Personalized offer + priority support
54495,1619.7,0.9984267968517804,High,At Risk,Personalized offer + priority support
54503,982.1500000000001,0.9976810395162256,High,At Risk,Personalized offer + priority support
54514,1293.18,0.9985115083841039,High,At Risk,Personalized offer + priority support
54516,1423.68,0.9981844289813422,High,At Risk,Personalized offer + priority support
54547,2019.42,0.9975293861891834,High,At Risk,Personalized offer + priority support
54555,672.24,0.9984126694182386,High,At Risk,Personalized offer + priority support
54559,1864.39,0.997461453402234,High,At Risk,Personalized offer + priority support
54563,953.85,0.9976148669921617,High,At Risk,Personalized offer + priority support
54584,1672.96,0.998290580839833,High,At Risk,Personalized offer + priority support
54587,1054.48,0.9981533119566324,High,At Risk,Personalized offer + priority support
54591,836.5,0.9971176619289852,High,Loyal Customers,Personalized offer + priority support
54593,916.08,0.9984465885380036,High,At Risk,Personalized offer + priority support
54595,462.96000000000004,0.998782642912703,High,At Risk,Personalized offer + priority support
54605,1158.57,0.9980105763485212,High,At Risk,Personalized offer + priority support
54608,1205.1899999999998,0.9985071649173037,High,At Risk,Personalized offer + priority support
54612,1194.3600000000001,0.998444513866219,High,At Risk,Personalized offer + priority support
54613,692.2,0.9976305178977715,High,At Risk,Personalized offer + priority support
54623,1070.22,0.9984345095989573,High,At Risk,Personalized offer + priority support
54629,1265.39,0.9983210589487528,High,At Risk,Personalized offer + priority support
54633,947.35,0.9970461287524568,High,Loyal Customers,Personalized offer + priority support
54645,1077.6,0.9975088638777364,High,At Risk,Personalized offer + priority support
54652,908.9499999999999,0.9981683184415852,High,At Risk,Personalized offer + priority support
54663,1879.29,0.9984437750295285,High,At Risk,Personalized offer + priority support
54664,1367.19,0.9975282473926539,High,At Risk,Personalized offer + priority support
54669,2297.52,0.9979935359839748,High,At Risk,Personalized offer + priority support
54670,1011.25,0.9984144081328834,High,At Risk,Personalized offer + priority support
54675,1584.8,0.9982455050952946,High,At Risk,Personalized offer + priority support
54684,628.84,0.9978448943701301,High,At Risk,Personalized offer + priority support
54687,2046.3600000000001,0.9980014786386814,High,At Risk,Personalized offer + priority support
54701,588.64,0.9952881784009904,High,At Risk,Personalized offer + priority support
54706,1424.32,0.9982024508546031,High,At Risk,Personalized offer + priority support
54710,932.0999999999999,0.9973016022847614,High,Loyal Customers,Personalized offer + priority support
54712,755.56,0.9984485662777275,High,At Risk,Personalized offer + priority support
54719,890.45,0.9978034730350682,High,At Risk,Personalized offer + priority support
54723,1214.88,0.9984019965975319,High,At Risk,Personalized offer + priority support
54729,647.18,0.9921523217521583,High,At Risk,Personalized offer + priority support
54738,764.0999999999999,0.9973095676009492,High,Loyal Customers,Personalized offer + priority support
54739,924.0,0.9983779494427778,High,At Risk,Personalized offer + priority support
54743,669.76,0.9982682126224933,High,At Risk,Personalized offer + priority support
54761,1306.3400000000001,0.9977919531845888,High,At Risk,Personalized offer + priority support
54765,1354.72,0.9983433778188436,High,At Risk,Personalized offer + priority support
54768,1612.32,0.9984689281431511,High,At Risk,Personalized offer + priority support
54769,1412.8,0.9970205092515679,High,Loyal Customers,Personalized offer + priority support
54773,1382.32,0.9983338798827762,High,At Risk,Personalized offer + priority support
54778,552.99,0.9949818566496719,High,Loyal Customers,Personalized offer + priority support
54782,935.05,0.9984433261257374,High,At Risk,Personalized offer + priority support
54797,1161.76,0.9984084254122383,High,At Risk,Personalized offer + priority support
54801,626.48,0.9915118801767568,High,At Risk,Personalized offer + priority support
54802,1141.44,0.9935145604897722,High,Loyal Customers,Personalized offer + priority support
54812,1362.96,0.9981006926404431,High,At Risk,Personalized offer + priority support
54825,954.3000000000001,0.9984484177800136,High,At Risk,Personalized offer + priority support
54842,1564.92,0.9984388410316155,High,At Risk,Personalized offer + priority support
54847,516.63,0.9982563674578725,High,At Risk,Personalized offer + priority support
54848,600.76,0.9987259665521518,High,At Risk,Personalized offer + priority support
54851,1651.95,0.9981848130033774,High,At Risk,Personalized offer + priority support
54853,1345.75,0.9947782768557697,High,Loyal Customers,Personalized offer + priority support
54863,1581.12,0.99821667150097,High,At Risk,Personalized offer + priority support
54868,527.01,0.9983097352349465,High,At Risk,Personalized offer + priority support
54906,1321.95,0.9978043390945913,High,At Risk,Personalized offer + priority support
54907,1948.38,0.9984644260379376,High,At Risk,Personalized offer + priority support
54910,2264.15,0.9984892114446561,High,At Risk,Personalized offer + priority support
54913,2438.88,0.9982508133670877,High,At Risk,Personalized offer + priority support
54917,1322.0,0.9977047239877413,High,At Risk,Personalized offer + priority support
54921,1401.75,0.9977631022155397,High,At Risk,Personalized offer + priority support
54929,1671.68,0.9983701109492172,High,At Risk,Personalized offer + priority support
54953,680.32,0.9983656121428023,High,At Risk,Personalized offer + priority support
54957,971.46,0.9983874180015658,High,At Risk,Personalized offer + priority support
54966,904.6500000000001,0.9980509998661015,High,At Risk,Personalized offer + priority support
54997,793.44,0.9983638286651343,High,At Risk,Personalized offer + priority support
55008,892.1500000000001,0.9985424390091097,High,At Risk,Personalized offer + priority support
55016,758.96,0.99857569969816,High,At Risk,Personalized offer + priority support
55029,627.84,0.9937250699048134,High,Loyal Customers,Personalized offer + priority support
55035,1439.19,0.9982947762357947,High,At Risk,Personalized offer + priority support
55036,2385.74,0.9985278492473592,High,At Risk,Personalized offer + priority support
55044,764.05,0.998537786129484,High,At Risk,Personalized offer + priority support
55047,964.74,0.9981395150034951,High,At Risk,Personalized offer + priority support
55050,1031.45,0.998437991232536,High,At Risk,Personalized offer + priority support
55052,1160.88,0.9980500518692437,High,At Risk,Personalized offer + priority support
55079,3881.6400000000003,0.9983848038422862,High,At Risk,Personalized offer + priority support
55081,1016.64,0.9985234811893049,High,At Risk,Personalized offer + priority support
55088,1074.6,0.9985656320519783,High,At Risk,Personalized offer + priority support
55091,1227.04,0.9980044192484464,High,At Risk,Personalized offer + priority support
55093,1267.12,0.9983760695227698,High,At Risk,Personalized offer + priority support
55102,1198.89,0.9981671966906219,High,At Risk,Personalized offer + priority support
55104,955.3799999999999,0.99795921245498,High,At Risk,Personalized offer + priority support
55105,1533.92,0.9981746597883893,High,At Risk,Personalized offer + priority support
55112,2238.12,0.9981645042358426,High,At Risk,Personalized offer + priority support
55120,1544.4900000000002,0.9985424390091097,High,At Risk,Personalized offer + priority support
55125,1862.5,0.997655136200473,High,At Risk,Personalized offer + priority support
55129,1199.73,0.9985408030750852,High,At Risk,Personalized offer + priority support
55139,2265.2400000000002,0.9979790364100967,High,At Risk,Personalized offer + priority support
55140,1434.32,0.9969668802725348,High,At Risk,Personalized offer + priority support
55144,959.35,0.9985448069756236,High,At Risk,Personalized offer + priority support
55146,1307.53,0.9984067690037683,High,At Risk,Personalized offer + priority support
55149,718.68,0.9949039419729718,High,Loyal Customers,Personalized offer + priority support
55157,913.45,0.9983445364863534,High,At Risk,Personalized offer + priority support
55158,1191.52,0.9983729257269364,High,At Risk,Personalized offer + priority support
55168,1604.24,0.9983760695227698,High,At Risk,Personalized offer + priority support
55194,997.3000000000001,0.9981623568618495,High,At Risk,Personalized offer + priority support
55209,690.36,0.9985277928824664,High,At Risk,Personalized offer + priority support
55211,970.3799999999999,0.9983303786566214,High,At Risk,Personalized offer + priority support
55214,522.0,0.9986643803338467,High,At Risk,Personalized offer + priority support
55219,1880.89,0.9983051379090774,High,At Risk,Personalized offer + priority support
55245,1762.47,0.9976523014268782,High,At Risk,Personalized offer + priority support
55246,1326.72,0.9981844289813422,High,At Risk,Personalized offer + priority support
55248,888.48,0.998498281953014,High,At Risk,Personalized offer + priority support
55250,671.4,0.9984535343930053,High,At Risk,Personalized offer + priority support
55256,1062.42,0.997964229675123,High,At Risk,Personalized offer + priority support
55260,1595.28,0.9982108009251611,High,At Risk,Personalized offer + priority support
55262,551.34,0.9987807178240268,High,At Risk,Personalized offer + priority support
55264,1515.12,0.9982050650494813,High,At Risk,Personalized offer + priority support
55275,1189.36,0.9981380279442517,High,At Risk,Personalized offer + priority support
55285,1658.96,0.998457098724754,High,At Risk,Personalized offer + priority support
55291,1113.49,0.9985220780153782,High,At Risk,Personalized offer + priority support
55292,1405.04,0.9968398832469118,High,At Risk,Personalized offer + priority support
55304,844.25,0.9978984004473496,High,At Risk,Personalized offer + priority support
55309,1430.16,0.9984668961756772,High,At Risk,Personalized offer + priority support
55318,499.43999999999994,0.9987917484674361,High,At Risk,Personalized offer + priority support
55320,701.68,0.9985292763360768,High,At Risk,Personalized offer + priority support
55321,730.8,0.9977297999187457,High,At Risk,Personalized offer + priority support
55324,1314.88,0.9984675351660864,High,At Risk,Personalized offer + priority support
55325,817.8,0.9954267074018208,High,Loyal Customers,Personalized offer + priority support
55340,1434.64,0.9971974909154584,High,At Risk,Personalized offer + priority support
55347,1195.67,0.9984038536815878,High,At Risk,Personalized offer + priority support
55348,517.05,0.9987975180281068,High,At Risk,Personalized offer + priority support
55354,597.6,0.995670118528774,High,Loyal Customers,Personalized offer + priority support
55365,1212.4,0.9983599236675872,High,At Risk,Personalized offer + priority support
55367,904.1999999999999,0.9981381447097416,High,At Risk,Personalized offer + priority support
55369,824.3000000000001,0.9985324903618799,High,At Risk,Personalized offer + priority support
55373,1388.61,0.9969728047736867,High,At Risk,Personalized offer + priority support
55375,1426.53,0.9983409217411988,High,At Risk,Personalized offer + priority support
55377,1831.23,0.9984360684972731,High,At Risk,Personalized offer + priority support
55381,1190.14,0.9984674626155404,High,At Risk,Personalized offer + priority support
55401,1138.32,0.9984634338656052,High,At Risk,Personalized offer + priority support
55403,4203.29,0.9979681077036231,High,At Risk,Personalized offer + priority support
55435,1078.08,0.9975165042390692,High,At Risk,Personalized offer + priority support
55439,1249.26,0.9985155367759182,High,At Risk,Personalized offer + priority support
55441,828.5500000000001,0.998094775398061,High,At Risk,Personalized offer + priority support
55442,1465.04,0.9983760695227698,High,At Risk,Personalized offer + priority support
55443,1251.44,0.9970959320584555,High,At Risk,Personalized offer + priority support
55450,603.68,0.9987294813201618,High,At Risk,Personalized offer + priority support
55461,964.95,0.9985448069756236,High,At Risk,Personalized offer + priority support
55465,1355.84,0.998322922659456,High,At Risk,Personalized offer + priority support
55475,1059.24,0.998169266231168,High,At Risk,Personalized offer + priority support
55477,1454.0,0.9981994107875414,High,At Risk,Personalized offer + priority support
55479,652.48,0.9981938006237249,High,At Risk,Personalized offer + priority support
55481,617.44,0.992693864992952,High,Loyal Customers,Personalized offer + priority support
55489,962.4000000000001,0.9982053951834956,High,At Risk,Personalized offer + priority support
55495,1381.92,0.996505304172492,High,Loyal Customers,Personalized offer + priority support
55507,736.24,0.9977297999187457,High,At Risk,Personalized offer + priority support
55522,1203.52,0.9981760352874117,High,At Risk,Personalized offer + priority support
55529,1277.29,0.9980829089630533,High,At Risk,Personalized offer + priority support
55533,1412.08,0.998539738172633,High,At Risk,Personalized offer + priority support
55543,466.95000000000005,0.9912581281837305,High,Loyal Customers,Personalized offer + priority support
55547,1229.36,0.9981818867224996,High,At Risk,Personalized offer + priority support
55550,1575.27,0.9981626441485479,High,At Risk,Personalized offer + priority support
55558,461.90999999999997,0.9938088885691744,High,Loyal Customers,Personalized offer + priority support
55559,554.04,0.9987883579399877,High,At Risk,Personalized offer + priority support
55565,673.28,0.9978548316287341,High,At Risk,Personalized offer + priority support
55570,1882.3,0.9984553994420494,High,At Risk,Personalized offer + priority support
55571,1090.6200000000001,0.9983722949454945,High,At Risk,Personalized offer + priority support
55577,1016.4000000000001,0.9983448773966587,High,At Risk,Personalized offer + priority support
55579,1425.68,0.9984715978686484,High,At Risk,Personalized offer + priority support
55600,805.76,0.9982134038952478,High,At Risk,Personalized offer + priority support
55605,1483.8999999999999,0.9982611404300133,High,At Risk,Personalized offer + priority support
55606,521.4,0.9986750868932767,High,At Risk,Personalized offer + priority support
55608,2148.7200000000003,0.9978203608470627,High,At Risk,Personalized offer + priority support
